product_id,name,link,type,min_price,max_price,sold_count,image_1,image_2,image_3,image_4,image_5,min_original_price,max_original_price,product_code
1729588104862337150,"Polo Trơn Phối Viền Co Dãn 4 Chiều Thoải Mái, Thoáng Khí Form Body , Chất Liệu Cotton Cá Sấu Dáng Slimfit - Polo PL2",https://oec-api.tiktokv.com/view/product/1729588104862337150,Sp lẻ,,89000,343,"=image(""https://p16-oec-va.ibyteimg.com/tos-maliva-i-o3syd03w52-us/12721df0957e4b40b2b0cc8ac353d2d2~tplv-o3syd03w52-resize-jpeg:200:200.jpeg?from=1826719393"")","=image(""https://p16-oec-va.ibyteimg.com/tos-maliva-i-o3syd03w52-us/b96366d63134439b91da8de12fe54b7b~tplv-o3syd03w52-resize-jpeg:200:200.jpeg?from=1826719393"")","=image(""https://p16-oec-va.ibyteimg.com/tos-maliva-i-o3syd03w52-us/9d8acc384b63466188a92d22d41d21a1~tplv-o3syd03w52-resize-jpeg:200:200.jpeg?from=1826719393"")","=image(""https://p16-oec-va.ibyteimg.com/tos-maliva-i-o3syd03w52-us/7e8730f8a5aa44e4ad6b08e9a6fff6d4~tplv-o3syd03w52-resize-jpeg:200:200.jpeg?from=1826719393"")","=image(""https://p16-oec-va.ibyteimg.com/tos-maliva-i-o3syd03w52-us/f1df845134ab49c8955369d05517c206~tplv-o3syd03w52-resize-jpeg:200:200.jpeg?from=1826719393"")",,259000.0, 4
1729589395815696510,Bộ Quần Áo Nam Nữ Cộc Tay Mùa Hè Phối viền Chất Vải Tổ Ong Thoáng Mát thấm hút mồ hôi siêu hot - BT01 HAL store,https://oec-api.tiktokv.com/view/product/1729589395815696510,Sp lẻ,,109000,4243,"=image(""https://p16-oec-va.ibyteimg.com/tos-maliva-i-o3syd03w52-us/7f624d16b1574aab9afff0635c519cff~tplv-o3syd03w52-resize-jpeg:200:200.jpeg?from=1826719393"")","=image(""https://p16-oec-va.ibyteimg.com/tos-maliva-i-o3syd03w52-us/05a99daa5c204e9fad44e10d6bd59875~tplv-o3syd03w52-resize-jpeg:200:200.jpeg?from=1826719393"")","=image(""https://p16-oec-va.ibyteimg.com/tos-maliva-i-o3syd03w52-us/46a47de880ab4d3cbcfc0a3401e50589~tplv-o3syd03w52-resize-jpeg:200:200.jpeg?from=1826719393"")","=image(""https://p16-oec-va.ibyteimg.com/tos-maliva-i-o3syd03w52-us/b5bdc5df325648e6b0a88c5c6b0bf7d8~tplv-o3syd03w52-resize-jpeg:200:200.jpeg?from=1826719393"")","=image(""https://p16-oec-va.ibyteimg.com/tos-maliva-i-o3syd03w52-us/982045c9de4a4239a3dd99fb97f9795b~tplv-o3syd03w52-resize-jpeg:200:200.jpeg?from=1826719393"")",,199000.0,
1729600024877500542,"Áo Sơ Mi Đũi Nam Cổ Bẻ, Áo Sơ Mi Đũi Có Cổ Cộc Tay Túi Hộp thoáng mát, năng động -SMĐ01 HAL Store",https://oec-api.tiktokv.com/view/product/1729600024877500542,Sp lẻ,,89000,639,"=image(""https://p16-oec-va.ibyteimg.com/tos-maliva-i-o3syd03w52-us/3b84e44d5c954977a880837203f72d4d~tplv-o3syd03w52-resize-jpeg:200:200.jpeg?from=1826719393"")","=image(""https://p16-oec-va.ibyteimg.com/tos-maliva-i-o3syd03w52-us/2d6da9d502f44370999966c521bdb4e8~tplv-o3syd03w52-resize-jpeg:200:200.jpeg?from=1826719393"")","=image(""https://p16-oec-va.ibyteimg.com/tos-maliva-i-o3syd03w52-us/814ad8a224614c03967844f8573ef600~tplv-o3syd03w52-resize-jpeg:200:200.jpeg?from=1826719393"")","=image(""https://p16-oec-va.ibyteimg.com/tos-maliva-i-o3syd03w52-us/eac0dfe97ed2480e9ba7619923caa3f9~tplv-o3syd03w52-resize-jpeg:200:200.jpeg?from=1826719393"")","=image(""https://p16-oec-va.ibyteimg.com/tos-maliva-i-o3syd03w52-us/3a3d128a436a4e9eb8f1c758953c2ae2~tplv-o3syd03w52-resize-jpeg:200:200.jpeg?from=1826719393"")",,149000.0,
1729609744624486526,"Áo Thun Nam Thể Thao Cổ Tròn Cao Cấp Vải Thun Lạnh Thông Hơi Mềm Co Dãn 4 Chiều, Mềm Mịn, Thoáng Mát - APTH03 HAL Store",https://oec-api.tiktokv.com/view/product/1729609744624486526,Sp lẻ,,79000,69,"=image(""https://p16-oec-va.ibyteimg.com/tos-maliva-i-o3syd03w52-us/a604b4a9aa174223b4e2a6220fcba07b~tplv-o3syd03w52-resize-jpeg:200:200.jpeg?from=1826719393"")","=image(""https://p16-oec-va.ibyteimg.com/tos-maliva-i-o3syd03w52-us/d7853063c30146f7bd01480aa1d6f799~tplv-o3syd03w52-resize-jpeg:200:200.jpeg?from=1826719393"")","=image(""https://p16-oec-va.ibyteimg.com/tos-maliva-i-o3syd03w52-us/5d544a782042497785b414d5c174865d~tplv-o3syd03w52-resize-jpeg:200:200.jpeg?from=1826719393"")","=image(""https://p16-oec-va.ibyteimg.com/tos-maliva-i-o3syd03w52-us/6fb55080efbd4cd588c449eb22ba86d2~tplv-o3syd03w52-resize-jpeg:200:200.jpeg?from=1826719393"")","=image(""https://p16-oec-va.ibyteimg.com/tos-maliva-i-o3syd03w52-us/dfaf8b8444c84b7d8722b35e8eb5d0ce~tplv-o3syd03w52-resize-jpeg:200:200.jpeg?from=1826719393"")",,125000.0, 4
1729568104607615102,"Quần Boxer chéo nam, chất thun lạnh mặc cực dễ chịu",https://oec-api.tiktokv.com/view/product/1729568104607615102,Sp lẻ,,75000,24,"=image(""https://p16-oec-va.ibyteimg.com/tos-maliva-i-o3syd03w52-us/991e2e8cb50d45d5ae8341abd9b50812~tplv-o3syd03w52-resize-jpeg:200:200.jpeg?from=1826719393"")",,,,,,,
1729567700553402494,"Áo len nam cổ tròn dài tay form Rộng, Áo len nam rộng Sweater trẻ trung co dãn tốt,chất len to dày dặn",https://oec-api.tiktokv.com/view/product/1729567700553402494,Sp lẻ,,290000,68,"=image(""https://p16-oec-va.ibyteimg.com/tos-maliva-i-o3syd03w52-us/76edd499c47b4ffaa42db2e9fe0e5460~tplv-o3syd03w52-resize-jpeg:200:200.jpeg?from=1826719393"")","=image(""https://p16-oec-va.ibyteimg.com/tos-maliva-i-o3syd03w52-us/95b455f37f1c430f93479239cf0e9d81~tplv-o3syd03w52-resize-jpeg:200:200.jpeg?from=1826719393"")","=image(""https://p16-oec-va.ibyteimg.com/tos-maliva-i-o3syd03w52-us/3955618542f4464cb7c2129db32344e9~tplv-o3syd03w52-resize-jpeg:200:200.jpeg?from=1826719393"")","=image(""https://p16-oec-va.ibyteimg.com/tos-maliva-i-o3syd03w52-us/fd7765a0c45441399503812e5f16fefa~tplv-o3syd03w52-resize-jpeg:200:200.jpeg?from=1826719393"")","=image(""https://p16-oec-va.ibyteimg.com/tos-maliva-i-o3syd03w52-us/f5176937126d4a9a90c29b222c49a232~tplv-o3syd03w52-resize-jpeg:200:200.jpeg?from=1826719393"")",,,
1729609744179431550,"Áo Khoác Chống Nắng Kẻ Trắng Sọc Vai Hottrend, Áo Chống Nắng Teddy Chất Liệu Umi Thoáng Mát Dày Dặn - ACN01 HAL Store",https://oec-api.tiktokv.com/view/product/1729609744179431550,Sp lẻ,,99000,205,"=image(""https://p16-oec-va.ibyteimg.com/tos-maliva-i-o3syd03w52-us/78e79e9341224363afbd0cc88584b731~tplv-o3syd03w52-resize-jpeg:200:200.jpeg?from=1826719393"")","=image(""https://p16-oec-va.ibyteimg.com/tos-maliva-i-o3syd03w52-us/586afebb9e1841e2815e6baf9683f112~tplv-o3syd03w52-resize-jpeg:200:200.jpeg?from=1826719393"")","=image(""https://p16-oec-va.ibyteimg.com/tos-maliva-i-o3syd03w52-us/6b2aade853a6446b918674ddbb300fce~tplv-o3syd03w52-resize-jpeg:200:200.jpeg?from=1826719393"")",,,,165000.0,
1729632202147924094,"COMBO 3, 4 Quần Short nam chất liệu thun cotton Tổ Ong, Quần đùi nam dày dặn cao cấp co dãn thấm hút mồ hôi cực tốt - CBQN01 HAL Store",https://oec-api.tiktokv.com/view/product/1729632202147924094,Sp lẻ,150000.0,199000,636,"=image(""https://p16-oec-va.ibyteimg.com/tos-maliva-i-o3syd03w52-us/628fc59ebaed4827a73a7159b5e18dda~tplv-o3syd03w52-resize-jpeg:200:200.jpeg?from=1826719393"")","=image(""https://p16-oec-va.ibyteimg.com/tos-maliva-i-o3syd03w52-us/dd5ccf6aa6674f0687c388c6b8ee8409~tplv-o3syd03w52-resize-jpeg:200:200.jpeg?from=1826719393"")","=image(""https://p16-oec-va.ibyteimg.com/tos-maliva-i-o3syd03w52-us/defa6330207140b1839ff5c23f5300d2~tplv-o3syd03w52-resize-jpeg:200:200.jpeg?from=1826719393"")","=image(""https://p16-oec-va.ibyteimg.com/tos-maliva-i-o3syd03w52-us/55deaf7c6943413c9eeffded89d7a151~tplv-o3syd03w52-resize-jpeg:200:200.jpeg?from=1826719393"")","=image(""https://p16-oec-va.ibyteimg.com/tos-maliva-i-o3syd03w52-us/84c2d22dffbd4b5194ca7145c4af4d6b~tplv-o3syd03w52-resize-jpeg:200:200.jpeg?from=1826719393"")",,, 3
1729513701579131006,Polo phối cổ hoa chất liệu Cotton siêu mịn,https://oec-api.tiktokv.com/view/product/1729513701579131006,Sp lẻ,,190000,0,"=image(""https://p16-oec-va.ibyteimg.com/tos-maliva-i-o3syd03w52-us/904cb91ea03246b5adf0b6c2f2729fc6~tplv-o3syd03w52-resize-jpeg:200:200.jpeg?from=1826719393"")","=image(""https://p16-oec-va.ibyteimg.com/tos-maliva-i-o3syd03w52-us/851207fa229141e98c12ad9ae778fd4a~tplv-o3syd03w52-resize-jpeg:200:200.jpeg?from=1826719393"")",,,,,,
1729647281359980670,"[40 - 90Kg] Quần Short Nam Thể Thao Chất Vải Gió, Quần Đùi Gió Nam Thoáng Mát, Thoải Mái, Siêu Nhẹ - HAL Store QG05",https://oec-api.tiktokv.com/view/product/1729647281359980670,Sp lẻ,,79000,233,"=image(""https://p16-oec-va.ibyteimg.com/tos-maliva-i-o3syd03w52-us/bcfb8df78d8b422ba7d5f291d2ae9763~tplv-o3syd03w52-resize-jpeg:200:200.jpeg?from=1826719393"")","=image(""https://p16-oec-va.ibyteimg.com/tos-maliva-i-o3syd03w52-us/f009c6c5db8b4ba1be9e420de2027a4e~tplv-o3syd03w52-resize-jpeg:200:200.jpeg?from=1826719393"")","=image(""https://p16-oec-va.ibyteimg.com/tos-maliva-i-o3syd03w52-us/5261b705c292425e99d222c3bb5decbd~tplv-o3syd03w52-resize-jpeg:200:200.jpeg?from=1826719393"")","=image(""https://p16-oec-va.ibyteimg.com/tos-maliva-i-o3syd03w52-us/4d9502b38ae5470fbb2a7dbe3328b89c~tplv-o3syd03w52-resize-jpeg:200:200.jpeg?from=1826719393"")","=image(""https://p16-oec-va.ibyteimg.com/tos-maliva-i-o3syd03w52-us/9b711b8d4901416c9318e7901dbafe6b~tplv-o3syd03w52-resize-jpeg:200:200.jpeg?from=1826719393"")",,125000.0,
1729556922407422078,"Áo khoác gió lót lông cao cấp Hidoli 3 khóa ,chất gió tráng bạc chống nước cản gió,kết hợp lót lông dày dặn ấm áp",https://oec-api.tiktokv.com/view/product/1729556922407422078,Sp lẻ,,299000,182,"=image(""https://p16-oec-va.ibyteimg.com/tos-maliva-i-o3syd03w52-us/d5c4cb8eb3b148938488866e3243c13a~tplv-o3syd03w52-resize-jpeg:200:200.jpeg?from=1826719393"")","=image(""https://p16-oec-va.ibyteimg.com/tos-maliva-i-o3syd03w52-us/9544fc8580d24e1889ceb880938d64b5~tplv-o3syd03w52-resize-jpeg:200:200.jpeg?from=1826719393"")","=image(""https://p16-oec-va.ibyteimg.com/tos-maliva-i-o3syd03w52-us/adaf9056d2d04a6db6b8f3cbce546f9d~tplv-o3syd03w52-resize-jpeg:200:200.jpeg?from=1826719393"")","=image(""https://p16-oec-va.ibyteimg.com/tos-maliva-i-o3syd03w52-us/885803911fcc4038b479e605082e78c2~tplv-o3syd03w52-resize-jpeg:200:200.jpeg?from=1826719393"")","=image(""https://p16-oec-va.ibyteimg.com/tos-maliva-i-o3syd03w52-us/93c4e980836a41f69dfa8477c85aeb2d~tplv-o3syd03w52-resize-jpeg:200:200.jpeg?from=1826719393"")",,, 3
1729609438919035006,"Bộ Thể Thao Nam Kéo Khóa Form rộng Chất Liệu Poly Cotton, Phong Cách Mới Lạ, Trẻ trung - BKK01 HAL Store",https://oec-api.tiktokv.com/view/product/1729609438919035006,Sp lẻ,,159000,42,"=image(""https://p16-oec-va.ibyteimg.com/tos-maliva-i-o3syd03w52-us/2cc3d28a40ca41b5b827f8becec6b87b~tplv-o3syd03w52-resize-jpeg:200:200.jpeg?from=1826719393"")","=image(""https://p16-oec-va.ibyteimg.com/tos-maliva-i-o3syd03w52-us/d839131b82c5476dac9c6149ead999b9~tplv-o3syd03w52-resize-jpeg:200:200.jpeg?from=1826719393"")","=image(""https://p16-oec-va.ibyteimg.com/tos-maliva-i-o3syd03w52-us/05b2323bea6f4575bdc17767bc3f517f~tplv-o3syd03w52-resize-jpeg:200:200.jpeg?from=1826719393"")","=image(""https://p16-oec-va.ibyteimg.com/tos-maliva-i-o3syd03w52-us/1f7e88963af04ce483f047c812a22251~tplv-o3syd03w52-resize-jpeg:200:200.jpeg?from=1826719393"")","=image(""https://p16-oec-va.ibyteimg.com/tos-maliva-i-o3syd03w52-us/ed34e86983924f53852155cd29815f43~tplv-o3syd03w52-resize-jpeg:200:200.jpeg?from=1826719393"")",,290000.0,
1729711026795743358,"Quần Jogger thể thao nam vải cotton tổ ong phối họa tiết 4 gạch, Mặc thoáng dễ chịu - QDTO01 HAL Store",https://oec-api.tiktokv.com/view/product/1729711026795743358,Sp lẻ,,85000,13,"=image(""https://p16-oec-va.ibyteimg.com/tos-maliva-i-o3syd03w52-us/e9b3adeec6dd4d39a02f01b1cb130426~tplv-o3syd03w52-resize-jpeg:200:200.jpeg?from=1826719393"")","=image(""https://p16-oec-va.ibyteimg.com/tos-maliva-i-o3syd03w52-us/fe54a81f53d747c2a92453731ae3a8f8~tplv-o3syd03w52-resize-jpeg:200:200.jpeg?from=1826719393"")","=image(""https://p16-oec-va.ibyteimg.com/tos-maliva-i-o3syd03w52-us/d8ec6271bc4f4bc08bdc24bad59aabe5~tplv-o3syd03w52-resize-jpeg:200:200.jpeg?from=1826719393"")","=image(""https://p16-oec-va.ibyteimg.com/tos-maliva-i-o3syd03w52-us/58a27407b4624c86afca318248faf389~tplv-o3syd03w52-resize-jpeg:200:200.jpeg?from=1826719393"")","=image(""https://p16-oec-va.ibyteimg.com/tos-maliva-i-o3syd03w52-us/4ce91011f7b04f86bf1d0aad6b5074d4~tplv-o3syd03w52-resize-jpeg:200:200.jpeg?from=1826719393"")",,150000.0, 4
1729603265139411070,"Bộ Thể Thao Nam Nữ Chất Liệu Xốp Kẻ Vuông Vân Nổi Form Rộng UNISEX, Bộ Đồ Xốp Cao Cấp, Dày Dặn, trẻ trung, tôn dáng - BVX02 HAL Store",https://oec-api.tiktokv.com/view/product/1729603265139411070,Sp lẻ,,150000,1759,"=image(""https://p16-oec-va.ibyteimg.com/tos-maliva-i-o3syd03w52-us/bc14115c12a24937900d2f2aea3cc91e~tplv-o3syd03w52-resize-jpeg:200:200.jpeg?from=1826719393"")","=image(""https://p16-oec-va.ibyteimg.com/tos-maliva-i-o3syd03w52-us/a565b4ddcf474bf982a8e2217f1d283f~tplv-o3syd03w52-resize-jpeg:200:200.jpeg?from=1826719393"")","=image(""https://p16-oec-va.ibyteimg.com/tos-maliva-i-o3syd03w52-us/3adfe73035fc40db98c6f255392c7cfa~tplv-o3syd03w52-resize-jpeg:200:200.jpeg?from=1826719393"")","=image(""https://p16-oec-va.ibyteimg.com/tos-maliva-i-o3syd03w52-us/36a087daf20e4f10bc7e451bf3a07b01~tplv-o3syd03w52-resize-jpeg:200:200.jpeg?from=1826719393"")","=image(""https://p16-oec-va.ibyteimg.com/tos-maliva-i-o3syd03w52-us/7a063027d5714970be7dae03eea6dbaa~tplv-o3syd03w52-resize-jpeg:200:200.jpeg?from=1826719393"")",,290000.0,
1729599256585930878,Quần Short Nam Trơn Chất Xốp Thái Co Giãn Mát Mẻ Thoải Mái  - QX01 HAL Store,https://oec-api.tiktokv.com/view/product/1729599256585930878,Sp lẻ,,55000,451,"=image(""https://p16-oec-va.ibyteimg.com/tos-maliva-i-o3syd03w52-us/49edc5fa803b4887804cf22ca57e598c~tplv-o3syd03w52-resize-jpeg:200:200.jpeg?from=1826719393"")","=image(""https://p16-oec-va.ibyteimg.com/tos-maliva-i-o3syd03w52-us/cef86fdfd0cd46beaac7c2094d8e8362~tplv-o3syd03w52-resize-jpeg:200:200.jpeg?from=1826719393"")","=image(""https://p19-oec-va.ibyteimg.com/tos-maliva-i-o3syd03w52-us/146d23618908499ca6ee5df6bf46d9ce~tplv-o3syd03w52-resize-jpeg:200:200.jpeg?from=1826719393"")","=image(""https://p16-oec-va.ibyteimg.com/tos-maliva-i-o3syd03w52-us/573db63c310243e28159b871e713d489~tplv-o3syd03w52-resize-jpeg:200:200.jpeg?from=1826719393"")","=image(""https://p16-oec-va.ibyteimg.com/tos-maliva-i-o3syd03w52-us/d96adeb2f35d424cbd74c372f86a3245~tplv-o3syd03w52-resize-jpeg:200:200.jpeg?from=1826719393"")",,125000.0,
1729615391137237118,"Bộ Thể Thao Cộc Tay Mùa Hè Chất Liệu Xốp Vân, Nam Tính, Thể Thao, Lên form chuẩn - BXV03",https://oec-api.tiktokv.com/view/product/1729615391137237118,Sp lẻ,,150000,181,"=image(""https://p16-oec-va.ibyteimg.com/tos-maliva-i-o3syd03w52-us/b847f91fb61a4f7cb6d956deac14d1a4~tplv-o3syd03w52-resize-jpeg:200:200.jpeg?from=1826719393"")","=image(""https://p16-oec-va.ibyteimg.com/tos-maliva-i-o3syd03w52-us/3bacb994c2cd4b2ea4a8ff8745ed03c5~tplv-o3syd03w52-resize-jpeg:200:200.jpeg?from=1826719393"")","=image(""https://p16-oec-va.ibyteimg.com/tos-maliva-i-o3syd03w52-us/14103d514426420d812185bbe519ada5~tplv-o3syd03w52-resize-jpeg:200:200.jpeg?from=1826719393"")","=image(""https://p16-oec-va.ibyteimg.com/tos-maliva-i-o3syd03w52-us/9c9285a0f7ec42f486adeaa76d88acf2~tplv-o3syd03w52-resize-jpeg:200:200.jpeg?from=1826719393"")",,,279000.0,
1729570653070592126,"Áo len nam hàng Quảng châu, siêu mềm mịn, dày dặn",https://oec-api.tiktokv.com/view/product/1729570653070592126,Sp lẻ,,350000,15,"=image(""https://p16-oec-va.ibyteimg.com/tos-maliva-i-o3syd03w52-us/39b997827266427cb1ee17a497ab84e9~tplv-o3syd03w52-resize-jpeg:200:200.jpeg?from=1826719393"")","=image(""https://p16-oec-va.ibyteimg.com/tos-maliva-i-o3syd03w52-us/2e08b607cf41449b9f6612207e913988~tplv-o3syd03w52-resize-jpeg:200:200.jpeg?from=1826719393"")","=image(""https://p16-oec-va.ibyteimg.com/tos-maliva-i-o3syd03w52-us/8689ac7479aa447da0ee54783c8109a7~tplv-o3syd03w52-resize-jpeg:200:200.jpeg?from=1826719393"")","=image(""https://p16-oec-va.ibyteimg.com/tos-maliva-i-o3syd03w52-us/4cc25888e32049b793641086d9a32556~tplv-o3syd03w52-resize-jpeg:200:200.jpeg?from=1826719393"")","=image(""https://p16-oec-va.ibyteimg.com/tos-maliva-i-o3syd03w52-us/b464be6467cb4f52afffff0640125f95~tplv-o3syd03w52-resize-jpeg:200:200.jpeg?from=1826719393"")",,,
1729510751356946558,"Áo khoác 2 lớp, chất liệu công nghệ Phủ Nano cản gió chống thấm ngăn tia uv",https://oec-api.tiktokv.com/view/product/1729510751356946558,Sp lẻ,,135000,2273,"=image(""https://p16-oec-va.ibyteimg.com/tos-maliva-i-o3syd03w52-us/e786489fb63e4c7091752055ba6cec20~tplv-o3syd03w52-resize-jpeg:200:200.jpeg?from=1826719393"")","=image(""https://p16-oec-va.ibyteimg.com/tos-maliva-i-o3syd03w52-us/b0ed9431205840eca170db6800d7f8e8~tplv-o3syd03w52-resize-jpeg:200:200.jpeg?from=1826719393"")","=image(""https://p16-oec-va.ibyteimg.com/tos-maliva-i-o3syd03w52-us/58d1bbd43f104f60b4a4b8b4ef64de91~tplv-o3syd03w52-resize-jpeg:200:200.jpeg?from=1826719393"")","=image(""https://p16-oec-va.ibyteimg.com/tos-maliva-i-o3syd03w52-us/d4005aa252ba40549c36234acf763763~tplv-o3syd03w52-resize-jpeg:200:200.jpeg?from=1826719393"")","=image(""https://p16-oec-va.ibyteimg.com/tos-maliva-i-o3syd03w52-us/04f8e87764224330ba490feb8c3a3dbf~tplv-o3syd03w52-resize-jpeg:200:200.jpeg?from=1826719393"")",,180000.0, 2
1729620219355957374,"Áo Chống Nắng Nam Nữ UNISEX 1 Mặt Chất Vải Kim Cương Thông Hơi Thoáng Khí , Áo Khoác Nam Nữ Đi Nắng Co Giãn Thoải Mái Chống Tia UV Mùa Hè- ACN02",https://oec-api.tiktokv.com/view/product/1729620219355957374,Sp lẻ,,75000,93,"=image(""https://p16-oec-va.ibyteimg.com/tos-maliva-i-o3syd03w52-us/5600a6d499aa43328c87e757e88fd3e8~tplv-o3syd03w52-resize-jpeg:200:200.jpeg?from=1826719393"")","=image(""https://p16-oec-va.ibyteimg.com/tos-maliva-i-o3syd03w52-us/0d01f05f9b0b4e7cb5d51dea3e7370cb~tplv-o3syd03w52-resize-jpeg:200:200.jpeg?from=1826719393"")","=image(""https://p16-oec-va.ibyteimg.com/tos-maliva-i-o3syd03w52-us/e09854c4e5604223b999742c456f9196~tplv-o3syd03w52-resize-jpeg:200:200.jpeg?from=1826719393"")","=image(""https://p16-oec-va.ibyteimg.com/tos-maliva-i-o3syd03w52-us/60c67223e6cb41e59173e1ce0df6bd00~tplv-o3syd03w52-resize-jpeg:200:200.jpeg?from=1826719393"")","=image(""https://p16-oec-va.ibyteimg.com/tos-maliva-i-o3syd03w52-us/1ec8a35621ae4dc8acc1fe0c3d5c396b~tplv-o3syd03w52-resize-jpeg:200:200.jpeg?from=1826719393"")",,129000.0, 1
1729566841722472574,Combo hộp 3 sip đùi nam thêu logo chữ H,https://oec-api.tiktokv.com/view/product/1729566841722472574,Sp lẻ,,125000,34,"=image(""https://p16-oec-va.ibyteimg.com/tos-maliva-i-o3syd03w52-us/5381b410b8b64658b919403364d3edc4~tplv-o3syd03w52-resize-jpeg:200:200.jpeg?from=1826719393"")","=image(""https://p16-oec-va.ibyteimg.com/tos-maliva-i-o3syd03w52-us/958fca28654e427195f5d9c771be4e6e~tplv-o3syd03w52-resize-jpeg:200:200.jpeg?from=1826719393"")","=image(""https://p16-oec-va.ibyteimg.com/tos-maliva-i-o3syd03w52-us/4182a3fc8cd8432683b17db6d48f6443~tplv-o3syd03w52-resize-jpeg:200:200.jpeg?from=1826719393"")","=image(""https://p16-oec-va.ibyteimg.com/tos-maliva-i-o3syd03w52-us/5c53eed76fed472c850d1750ef6ed1a3~tplv-o3syd03w52-resize-jpeg:200:200.jpeg?from=1826719393"")",,,, 3
1729610125230901374,"Áo Ba Lỗ Nam Chất Liệu Thun Lạnh, Co Dãn 4 chiều, Mặc Ở Nhà, Thể Dục, Tập Gym Thoải mái, Thoáng Mát - ABL01 HAL Store",https://oec-api.tiktokv.com/view/product/1729610125230901374,Sp lẻ,,55000,1238,"=image(""https://p16-oec-va.ibyteimg.com/tos-maliva-i-o3syd03w52-us/a6dd8b958ffe4a7e93c22a0499a3b961~tplv-o3syd03w52-resize-jpeg:200:200.jpeg?from=1826719393"")","=image(""https://p16-oec-va.ibyteimg.com/tos-maliva-i-o3syd03w52-us/de5babf690f84b47b638be50b010c431~tplv-o3syd03w52-resize-jpeg:200:200.jpeg?from=1826719393"")","=image(""https://p16-oec-va.ibyteimg.com/tos-maliva-i-o3syd03w52-us/3f05e5e39abb446a85bc4696603c3965~tplv-o3syd03w52-resize-jpeg:200:200.jpeg?from=1826719393"")","=image(""https://p16-oec-va.ibyteimg.com/tos-maliva-i-o3syd03w52-us/31a419e4473846d9a83e803b9065db54~tplv-o3syd03w52-resize-jpeg:200:200.jpeg?from=1826719393"")","=image(""https://p16-oec-va.ibyteimg.com/tos-maliva-i-o3syd03w52-us/a5cdefa9bd1c439e8b46b3355391d739~tplv-o3syd03w52-resize-jpeg:200:200.jpeg?from=1826719393"")",,95000.0, 4
1729711034605340798,"Áo Khoác Gió Nam Nữ 2 Lớp, Lớp Ngoài Tráng Chống Nước Sọc Phản Quang, Chống Gió, Lớp Trong Lót Lưới  - AKGPQ05",https://oec-api.tiktokv.com/view/product/1729711034605340798,Sp lẻ,,159000,19,"=image(""https://p16-oec-va.ibyteimg.com/tos-maliva-i-o3syd03w52-us/c1d0a85873a44b868a15c41565076142~tplv-o3syd03w52-resize-jpeg:200:200.jpeg?from=1826719393"")","=image(""https://p16-oec-va.ibyteimg.com/tos-maliva-i-o3syd03w52-us/fec65249bdc44113a13b447734579c63~tplv-o3syd03w52-resize-jpeg:200:200.jpeg?from=1826719393"")","=image(""https://p16-oec-va.ibyteimg.com/tos-maliva-i-o3syd03w52-us/870ba006e1aa4194a8afb8200abbce7c~tplv-o3syd03w52-resize-jpeg:200:200.jpeg?from=1826719393"")","=image(""https://p16-oec-va.ibyteimg.com/tos-maliva-i-o3syd03w52-us/0eaff3df22a443bb9a20e7d7b0985807~tplv-o3syd03w52-resize-jpeg:200:200.jpeg?from=1826719393"")","=image(""https://p16-oec-va.ibyteimg.com/tos-maliva-i-o3syd03w52-us/e51d65826fa34aaea5db9092c8e0f6d7~tplv-o3syd03w52-resize-jpeg:200:200.jpeg?from=1826719393"")",,250000.0, 2
1729517526599829630,Sơ mi trơn Trắng Đen cao cấp,https://oec-api.tiktokv.com/view/product/1729517526599829630,Sp lẻ,,245000,1,"=image(""https://p16-oec-va.ibyteimg.com/tos-maliva-i-o3syd03w52-us/290803eeee054d76a5be3cd34f007017~tplv-o3syd03w52-resize-jpeg:200:200.jpeg?from=1826719393"")","=image(""https://p16-oec-va.ibyteimg.com/tos-maliva-i-o3syd03w52-us/f15337e9bbaa4d76ad71f307ccefcfe4~tplv-o3syd03w52-resize-jpeg:200:200.jpeg?from=1826719393"")","=image(""https://p16-oec-va.ibyteimg.com/tos-maliva-i-o3syd03w52-us/2717e3ed7e1249a7991080e87e293e31~tplv-o3syd03w52-resize-jpeg:200:200.jpeg?from=1826719393"")",,,,,
1729711031457712254,"Quần Jogger Nam Nữ Chất Liệu Nỉ Da Cá Trơn, Năng Động, Thoải Mái - QDDC02 HAL Store",https://oec-api.tiktokv.com/view/product/1729711031457712254,Sp lẻ,,89000,10,"=image(""https://p16-oec-va.ibyteimg.com/tos-maliva-i-o3syd03w52-us/cbd9b9635ddb4b89ac3eed08e8e77c4a~tplv-o3syd03w52-resize-jpeg:200:200.jpeg?from=1826719393"")","=image(""https://p16-oec-va.ibyteimg.com/tos-maliva-i-o3syd03w52-us/ac0340ea12514191bb43a7bdf9111e6e~tplv-o3syd03w52-resize-jpeg:200:200.jpeg?from=1826719393"")","=image(""https://p16-oec-va.ibyteimg.com/tos-maliva-i-o3syd03w52-us/84c7456e499b42ee9e281fe960e9f67a~tplv-o3syd03w52-resize-jpeg:200:200.jpeg?from=1826719393"")","=image(""https://p16-oec-va.ibyteimg.com/tos-maliva-i-o3syd03w52-us/98ce52df2d12466e8fc908fe00d5db77~tplv-o3syd03w52-resize-jpeg:200:200.jpeg?from=1826719393"")","=image(""https://p16-oec-va.ibyteimg.com/tos-maliva-i-o3syd03w52-us/45780efd94e64f378f9aa3ce4abf8f14~tplv-o3syd03w52-resize-jpeg:200:200.jpeg?from=1826719393"")",,165000.0,
1729599253464189054,"Bộ thể thao Nam Cổ Bẻ chất liệu CVC thiết kế vô cùng trẻ trung, năng động, thể thao - BCB01 HAL Store",https://oec-api.tiktokv.com/view/product/1729599253464189054,Sp lẻ,,139000,103,"=image(""https://p16-oec-va.ibyteimg.com/tos-maliva-i-o3syd03w52-us/207e64ba1f504f2482874f50c51b6fe5~tplv-o3syd03w52-resize-jpeg:200:200.jpeg?from=1826719393"")","=image(""https://p16-oec-va.ibyteimg.com/tos-maliva-i-o3syd03w52-us/c4d211824c68493782164d017809573f~tplv-o3syd03w52-resize-jpeg:200:200.jpeg?from=1826719393"")","=image(""https://p16-oec-va.ibyteimg.com/tos-maliva-i-o3syd03w52-us/40d46ec4ef24491aa0629487c85c37c3~tplv-o3syd03w52-resize-jpeg:200:200.jpeg?from=1826719393"")","=image(""https://p16-oec-va.ibyteimg.com/tos-maliva-i-o3syd03w52-us/108e284c3d1e4741b3500f2a987501e6~tplv-o3syd03w52-resize-jpeg:200:200.jpeg?from=1826719393"")","=image(""https://p16-oec-va.ibyteimg.com/tos-maliva-i-o3syd03w52-us/ef21f7a5dc9846cea039f93ee4e2f26c~tplv-o3syd03w52-resize-jpeg:200:200.jpeg?from=1826719393"")",,190000.0,
1729595008897222782,Bộ Thể Thao Nam Ngắn Tay form ôm Chất Cotton CVC Cao Cấp Sọc Ngang Thiết Kế HAL Store -  BTT3,https://oec-api.tiktokv.com/view/product/1729595008897222782,Sp lẻ,,135000,120,"=image(""https://p16-oec-va.ibyteimg.com/tos-maliva-i-o3syd03w52-us/c22792d8b90b4db79019b729422c99c6~tplv-o3syd03w52-resize-jpeg:200:200.jpeg?from=1826719393"")","=image(""https://p16-oec-va.ibyteimg.com/tos-maliva-i-o3syd03w52-us/5827b9ba50bb4772973405b7c701af7b~tplv-o3syd03w52-resize-jpeg:200:200.jpeg?from=1826719393"")","=image(""https://p16-oec-va.ibyteimg.com/tos-maliva-i-o3syd03w52-us/3c73a0960213491c87e8652c140c0ef0~tplv-o3syd03w52-resize-jpeg:200:200.jpeg?from=1826719393"")","=image(""https://p16-oec-va.ibyteimg.com/tos-maliva-i-o3syd03w52-us/ba549dfb3bdc4bc59784b788d32991da~tplv-o3syd03w52-resize-jpeg:200:200.jpeg?from=1826719393"")","=image(""https://p16-oec-va.ibyteimg.com/tos-maliva-i-o3syd03w52-us/69bb3129bc354495aa90ea0d46b66246~tplv-o3syd03w52-resize-jpeg:200:200.jpeg?from=1826719393"")",,199000.0,
1729578221583894654,[Xả Kho] Combo 2 quần dài chất gió lẻ hoan hỉ giao màu ngẫu nhiên,https://oec-api.tiktokv.com/view/product/1729578221583894654,Sp lẻ,,120000,73,"=image(""https://p16-oec-va.ibyteimg.com/tos-maliva-i-o3syd03w52-us/4a4695527bbe49f6baa3b24f90512c5b~tplv-o3syd03w52-resize-jpeg:200:200.jpeg?from=1826719393"")","=image(""https://p16-oec-va.ibyteimg.com/tos-maliva-i-o3syd03w52-us/b66b4845dcb548d980f2ab282a4ba2fb~tplv-o3syd03w52-resize-jpeg:200:200.jpeg?from=1826719393"")","=image(""https://p16-oec-va.ibyteimg.com/tos-maliva-i-o3syd03w52-us/6473bff619c14c5a8fd5b4388faa7df0~tplv-o3syd03w52-resize-jpeg:200:200.jpeg?from=1826719393"")","=image(""https://p16-oec-va.ibyteimg.com/tos-maliva-i-o3syd03w52-us/b029a614edda4b259019ede16e0d4538~tplv-o3syd03w52-resize-jpeg:200:200.jpeg?from=1826719393"")","=image(""https://p16-oec-va.ibyteimg.com/tos-maliva-i-o3syd03w52-us/a86ffc2472cf4fb2a5b77d853cf01693~tplv-o3syd03w52-resize-jpeg:200:200.jpeg?from=1826719393"")",,, 2
1729621708758288510,"Áo Chống Nắng Nam Nữ UNISEX 2 lớp Chất Vải Kim Cương Thông Hơi Thoáng Khí , Áo Khoác Nam Nữ Đi Nắng Co Giãn Thoải Mái Chống Tia UV Mùa Hè (tặng găng tay chống nắng)- ACN2L03",https://oec-api.tiktokv.com/view/product/1729621708758288510,Sp lẻ,,159000,1434,"=image(""https://p16-oec-va.ibyteimg.com/tos-maliva-i-o3syd03w52-us/783b3960f673489a8444546554ccea2f~tplv-o3syd03w52-resize-jpeg:200:200.jpeg?from=1826719393"")","=image(""https://p19-oec-va.ibyteimg.com/tos-maliva-i-o3syd03w52-us/fd5eca548cb1409c93e6154fa69328e4~tplv-o3syd03w52-resize-jpeg:200:200.jpeg?from=1826719393"")","=image(""https://p16-oec-va.ibyteimg.com/tos-maliva-i-o3syd03w52-us/c64c02e249164707811b2a33472fb550~tplv-o3syd03w52-resize-jpeg:200:200.jpeg?from=1826719393"")","=image(""https://p16-oec-va.ibyteimg.com/tos-maliva-i-o3syd03w52-us/a85909680e76438e85bd1f3937aa1227~tplv-o3syd03w52-resize-jpeg:200:200.jpeg?from=1826719393"")","=image(""https://p16-oec-va.ibyteimg.com/tos-maliva-i-o3syd03w52-us/adb0712af0ab49f3b7ea0976f8868893~tplv-o3syd03w52-resize-jpeg:200:200.jpeg?from=1826719393"")",,250000.0, 2
1729591732179404926,"Bộ Quần Áo Nam Mùa Hè Mặc Ở Nhà, Tập Gym Chất Cotton Xốp Thái, Bộ Quần Áo mùa hè cộc tay thoáng mát, năng động - BX01 HAL Store",https://oec-api.tiktokv.com/view/product/1729591732179404926,Sp lẻ,,109000,2448,"=image(""https://p16-oec-va.ibyteimg.com/tos-maliva-i-o3syd03w52-us/ca3bfe5b50f0428bb1dfbd1992e5f104~tplv-o3syd03w52-resize-jpeg:200:200.jpeg?from=1826719393"")","=image(""https://p16-oec-va.ibyteimg.com/tos-maliva-i-o3syd03w52-us/00222fba8e1847c68ae12a7582e2f390~tplv-o3syd03w52-resize-jpeg:200:200.jpeg?from=1826719393"")","=image(""https://p16-oec-va.ibyteimg.com/tos-maliva-i-o3syd03w52-us/770d86c0fa8949108f828175340e48ca~tplv-o3syd03w52-resize-jpeg:200:200.jpeg?from=1826719393"")","=image(""https://p16-oec-va.ibyteimg.com/tos-maliva-i-o3syd03w52-us/b18c80c51b694a9cacd657bad2e1882a~tplv-o3syd03w52-resize-jpeg:200:200.jpeg?from=1826719393"")","=image(""https://p16-oec-va.ibyteimg.com/tos-maliva-i-o3syd03w52-us/2410fe8622b245a9b02b2616a4b5a068~tplv-o3syd03w52-resize-jpeg:200:200.jpeg?from=1826719393"")",,199000.0,
1729620230757582974,"COMBO 2, 3 Áo Ba Lỗ Chất Thun Lạnh Co Dãn 4 Chiều, Thoáng Mát, Thoải Mái - CBABL01",https://oec-api.tiktokv.com/view/product/1729620230757582974,Sp lẻ,99000.0,140000,507,"=image(""https://p16-oec-va.ibyteimg.com/tos-maliva-i-o3syd03w52-us/3b986fe2116345b0907f65b96008ad8b~tplv-o3syd03w52-resize-jpeg:200:200.jpeg?from=1826719393"")","=image(""https://p16-oec-va.ibyteimg.com/tos-maliva-i-o3syd03w52-us/f1447979ad3047fca5bb8a798cdd187b~tplv-o3syd03w52-resize-jpeg:200:200.jpeg?from=1826719393"")","=image(""https://p16-oec-va.ibyteimg.com/tos-maliva-i-o3syd03w52-us/10e2ab826edb4da8837f63b4dc5f82d4~tplv-o3syd03w52-resize-jpeg:200:200.jpeg?from=1826719393"")","=image(""https://p16-oec-va.ibyteimg.com/tos-maliva-i-o3syd03w52-us/42582cf582c64bedb19edf8602899637~tplv-o3syd03w52-resize-jpeg:200:200.jpeg?from=1826719393"")","=image(""https://p16-oec-va.ibyteimg.com/tos-maliva-i-o3syd03w52-us/b7d8cb9dd1d64f66ba145f605aae78b2~tplv-o3syd03w52-resize-jpeg:200:200.jpeg?from=1826719393"")",,, 2
1729593851049445502,ÁO THUN MỸ 100% COTTON / KIRKLAND Size Châu âu 40Kg -95Kg - AP2 HAL Store,https://oec-api.tiktokv.com/view/product/1729593851049445502,Sp lẻ,,139000,7,"=image(""https://p19-oec-va.ibyteimg.com/tos-maliva-i-o3syd03w52-us/f2d1c80234ce42979f0a6ae107529c87~tplv-o3syd03w52-resize-jpeg:200:200.jpeg?from=1826719393"")","=image(""https://p16-oec-va.ibyteimg.com/tos-maliva-i-o3syd03w52-us/c1a58e5014224ff5867cf5c9befd2c33~tplv-o3syd03w52-resize-jpeg:200:200.jpeg?from=1826719393"")","=image(""https://p16-oec-va.ibyteimg.com/tos-maliva-i-o3syd03w52-us/bb93f5e1846945398d9639c95449aacb~tplv-o3syd03w52-resize-jpeg:200:200.jpeg?from=1826719393"")","=image(""https://p16-oec-va.ibyteimg.com/tos-maliva-i-o3syd03w52-us/52f791409adf40ed9efb4954adbb6ab1~tplv-o3syd03w52-resize-jpeg:200:200.jpeg?from=1826719393"")","=image(""https://p16-oec-va.ibyteimg.com/tos-maliva-i-o3syd03w52-us/928e86f3d09f4312a6398d956ac85780~tplv-o3syd03w52-resize-jpeg:200:200.jpeg?from=1826719393"")",,, 100
1729595397330274430,Áo Polo Nam Sừng Hươu Cao Cấp Vải Cotton Cá Sấu Dày Dặn Thoáng Mát - PL05,https://oec-api.tiktokv.com/view/product/1729595397330274430,Sp lẻ,,79000,217,"=image(""https://p16-oec-va.ibyteimg.com/tos-maliva-i-o3syd03w52-us/9a8812e034fa41f480c70576c294da9b~tplv-o3syd03w52-resize-jpeg:200:200.jpeg?from=1826719393"")","=image(""https://p16-oec-va.ibyteimg.com/tos-maliva-i-o3syd03w52-us/d10f442d74da4522b5dd19bd1bbf45aa~tplv-o3syd03w52-resize-jpeg:200:200.jpeg?from=1826719393"")","=image(""https://p16-oec-va.ibyteimg.com/tos-maliva-i-o3syd03w52-us/982f92a91e13465faccaf9c8d6edf376~tplv-o3syd03w52-resize-jpeg:200:200.jpeg?from=1826719393"")","=image(""https://p16-oec-va.ibyteimg.com/tos-maliva-i-o3syd03w52-us/e3c9094eb4a84419a3b5c05b7fb2d13a~tplv-o3syd03w52-resize-jpeg:200:200.jpeg?from=1826719393"")","=image(""https://p16-oec-va.ibyteimg.com/tos-maliva-i-o3syd03w52-us/1f2665079d6a47b29ea0d69a944ce548~tplv-o3syd03w52-resize-jpeg:200:200.jpeg?from=1826719393"")",,225000.0,
1729544983355164798,Áo polo phối nghang thêu họa tiết sừng hươu,https://oec-api.tiktokv.com/view/product/1729544983355164798,Sp lẻ,,190000,0,"=image(""https://p16-oec-va.ibyteimg.com/tos-maliva-i-o3syd03w52-us/c64362afa07b47418324b2e0edf20761~tplv-o3syd03w52-resize-jpeg:200:200.jpeg?from=1826719393"")","=image(""https://p16-oec-va.ibyteimg.com/tos-maliva-i-o3syd03w52-us/71959100a4814715a974c6d1f7489f83~tplv-o3syd03w52-resize-jpeg:200:200.jpeg?from=1826719393"")","=image(""https://p16-oec-va.ibyteimg.com/tos-maliva-i-o3syd03w52-us/a0efe0588c5d4c8e9e9853fa3167b5ac~tplv-o3syd03w52-resize-jpeg:200:200.jpeg?from=1826719393"")",,,,,
1729602944771000446,"Bộ kẻ ngang chất vải tổ ong phối viền ngực, thoáng khí - B006",https://oec-api.tiktokv.com/view/product/1729602944771000446,Sp lẻ,,139000,125,"=image(""https://p16-oec-va.ibyteimg.com/tos-maliva-i-o3syd03w52-us/e8f0586512f345198c8fef2e9d9114d7~tplv-o3syd03w52-resize-jpeg:200:200.jpeg?from=1826719393"")","=image(""https://p16-oec-va.ibyteimg.com/tos-maliva-i-o3syd03w52-us/251341ecd3814d848833eaa5c6685432~tplv-o3syd03w52-resize-jpeg:200:200.jpeg?from=1826719393"")","=image(""https://p16-oec-va.ibyteimg.com/tos-maliva-i-o3syd03w52-us/62ef48add1534a18985e13356310ce49~tplv-o3syd03w52-resize-jpeg:200:200.jpeg?from=1826719393"")","=image(""https://p16-oec-va.ibyteimg.com/tos-maliva-i-o3syd03w52-us/3196d7e43580431783048e2b60cb7249~tplv-o3syd03w52-resize-jpeg:200:200.jpeg?from=1826719393"")",,,190000.0,B006
1729566842893863038,"Áo Sweater nam nữ dài tay, Áo Sweater Nam Nữ form rộng, Áo sweater nam nữ unisex",https://oec-api.tiktokv.com/view/product/1729566842893863038,Sp lẻ,,135000,694,"=image(""https://p16-oec-va.ibyteimg.com/tos-maliva-i-o3syd03w52-us/590b466e61f0497ca466900a6c713bbb~tplv-o3syd03w52-resize-jpeg:200:200.jpeg?from=1826719393"")","=image(""https://p16-oec-va.ibyteimg.com/tos-maliva-i-o3syd03w52-us/c778d5fd89fe4a4190441b4eaebc7b9f~tplv-o3syd03w52-resize-jpeg:200:200.jpeg?from=1826719393"")","=image(""https://p16-oec-va.ibyteimg.com/tos-maliva-i-o3syd03w52-us/50ada15009a64ce4b01117fb8bc96fe3~tplv-o3syd03w52-resize-jpeg:200:200.jpeg?from=1826719393"")","=image(""https://p16-oec-va.ibyteimg.com/tos-maliva-i-o3syd03w52-us/606e309ff4b64459a3304613c24cdb01~tplv-o3syd03w52-resize-jpeg:200:200.jpeg?from=1826719393"")","=image(""https://p16-oec-va.ibyteimg.com/tos-maliva-i-o3syd03w52-us/88608adfae264d83a1601b55fa259d6a~tplv-o3syd03w52-resize-jpeg:200:200.jpeg?from=1826719393"")",,250000.0,
1729634194930436222,"COMBO 2 Áo Phông Trơn 100% COTTON 250GSM CAO CẤP, Form OVERSIZE - CBAPT03 HAL Store",https://oec-api.tiktokv.com/view/product/1729634194930436222,Sp lẻ,,250000,13,"=image(""https://p16-oec-va.ibyteimg.com/tos-maliva-i-o3syd03w52-us/c7301bf9efd64e62ad26abcf787a9d0c~tplv-o3syd03w52-resize-jpeg:200:200.jpeg?from=1826719393"")","=image(""https://p16-oec-va.ibyteimg.com/tos-maliva-i-o3syd03w52-us/86122b4523be4bea917ae144b10e3efc~tplv-o3syd03w52-resize-jpeg:200:200.jpeg?from=1826719393"")","=image(""https://p16-oec-va.ibyteimg.com/tos-maliva-i-o3syd03w52-us/972c20e202b8470b844eec0a3b809269~tplv-o3syd03w52-resize-jpeg:200:200.jpeg?from=1826719393"")","=image(""https://p16-oec-va.ibyteimg.com/tos-maliva-i-o3syd03w52-us/be2f3029c0fb4188822faabbfc897c36~tplv-o3syd03w52-resize-jpeg:200:200.jpeg?from=1826719393"")","=image(""https://p16-oec-va.ibyteimg.com/tos-maliva-i-o3syd03w52-us/2709a46c11b54f53ba3748dae4e97398~tplv-o3syd03w52-resize-jpeg:200:200.jpeg?from=1826719393"")",,500000.0, 2
1729689595113801854,"Áo Khoác gió Nam Nữ Phối Tay Raglan Màu Sắc Trẻ Trung, Cá Tính, Mũ Liền Áo Hottrend 2023 - AKRAG03 HAL Store",https://oec-api.tiktokv.com/view/product/1729689595113801854,Sp lẻ,,139000,12,"=image(""https://p16-oec-va.ibyteimg.com/tos-maliva-i-o3syd03w52-us/da034b4a7cb54a12b2c174de1a33414a~tplv-o3syd03w52-resize-jpeg:200:200.jpeg?from=1826719393"")","=image(""https://p16-oec-va.ibyteimg.com/tos-maliva-i-o3syd03w52-us/23028e0eb66f4b3184ed8dea51fda676~tplv-o3syd03w52-resize-jpeg:200:200.jpeg?from=1826719393"")","=image(""https://p16-oec-va.ibyteimg.com/tos-maliva-i-o3syd03w52-us/92b1c681a75a452fb0f640fd06d1cc14~tplv-o3syd03w52-resize-jpeg:200:200.jpeg?from=1826719393"")","=image(""https://p16-oec-va.ibyteimg.com/tos-maliva-i-o3syd03w52-us/0ddde3e6aeb24065ac385e2a316d958b~tplv-o3syd03w52-resize-jpeg:200:200.jpeg?from=1826719393"")","=image(""https://p16-oec-va.ibyteimg.com/tos-maliva-i-o3syd03w52-us/ce975258af3a43c2b188d65a0fcb2613~tplv-o3syd03w52-resize-jpeg:200:200.jpeg?from=1826719393"")",,290000.0, 2023
1729689597222029438,"Áo Khoác Gió Nam Nữ  2 Lớp Lót lưới Cao Cấp, Màu Sắc Trơn Chống Nắng, Chống Gió, Chống Nước Nhẹ, Mẫu Mới Nhất 2023 - AKGHD04 HAL Store",https://oec-api.tiktokv.com/view/product/1729689597222029438,Sp lẻ,,150000,41,"=image(""https://p19-oec-va.ibyteimg.com/tos-maliva-i-o3syd03w52-us/e0de83fefbb54099abf292334601ce9f~tplv-o3syd03w52-resize-jpeg:200:200.jpeg?from=1826719393"")","=image(""https://p16-oec-va.ibyteimg.com/tos-maliva-i-o3syd03w52-us/a846c588496f41b885be0279193911b9~tplv-o3syd03w52-resize-jpeg:200:200.jpeg?from=1826719393"")","=image(""https://p16-oec-va.ibyteimg.com/tos-maliva-i-o3syd03w52-us/9e5dd526cf874cc7ab6192ec8d650b0b~tplv-o3syd03w52-resize-jpeg:200:200.jpeg?from=1826719393"")","=image(""https://p16-oec-va.ibyteimg.com/tos-maliva-i-o3syd03w52-us/b923b65e5ee2468f849e09baf8282d3b~tplv-o3syd03w52-resize-jpeg:200:200.jpeg?from=1826719393"")","=image(""https://p16-oec-va.ibyteimg.com/tos-maliva-i-o3syd03w52-us/cfda9e71f95c4c61a1ec510e81b313be~tplv-o3syd03w52-resize-jpeg:200:200.jpeg?from=1826719393"")",,290000.0, 2
1729544981893908606,"Quần nỉ da cá, chất nỉ cực dày dặn bo gấu mềm mại, thời trang năng động",https://oec-api.tiktokv.com/view/product/1729544981893908606,Sp lẻ,,250000,22,"=image(""https://p16-oec-va.ibyteimg.com/tos-maliva-i-o3syd03w52-us/9ee0f0209e9744f0a7bff82fac9b966a~tplv-o3syd03w52-resize-jpeg:200:200.jpeg?from=1826719393"")",,,,,,,
1729689572013410430,"Áo Khoác Gió Nam Nữ  In Họa Tiết Chất Liệu Gió Lót Lưới, Chống Gió, Chống Nước Nhẹ, Chống Tia UV Hottrend 2023 - AKG02",https://oec-api.tiktokv.com/view/product/1729689572013410430,Sp lẻ,,150000,43,"=image(""https://p16-oec-va.ibyteimg.com/tos-maliva-i-o3syd03w52-us/3f8db13f58ad45ebbc795433f59ae125~tplv-o3syd03w52-resize-jpeg:200:200.jpeg?from=1826719393"")","=image(""https://p16-oec-va.ibyteimg.com/tos-maliva-i-o3syd03w52-us/06576b77ee704ea49dfd64e93cd60cb8~tplv-o3syd03w52-resize-jpeg:200:200.jpeg?from=1826719393"")","=image(""https://p16-oec-va.ibyteimg.com/tos-maliva-i-o3syd03w52-us/5fd4cdca2f344a0ba7b0a25e5a455251~tplv-o3syd03w52-resize-jpeg:200:200.jpeg?from=1826719393"")","=image(""https://p16-oec-va.ibyteimg.com/tos-maliva-i-o3syd03w52-us/93c0f40c23874293ae3e19fed9e4fb17~tplv-o3syd03w52-resize-jpeg:200:200.jpeg?from=1826719393"")","=image(""https://p16-oec-va.ibyteimg.com/tos-maliva-i-o3syd03w52-us/26df30ed81bc464c8a1dd67ddad626dc~tplv-o3syd03w52-resize-jpeg:200:200.jpeg?from=1826719393"")",,290000.0, 2023
1729648210701944958,"Bộ Cộc Tay Nam Họa Tiết Gấu Misa, Quần Chất Liệu Gấm Thổ Cẩm, Áo Phông Chất Thun Cotton Dày Dặn Cực Chất, Lên Form Chuẩn, Trẻ Trung - HAL Store BGTC08",https://oec-api.tiktokv.com/view/product/1729648210701944958,Sp lẻ,,179000,122,"=image(""https://p16-oec-va.ibyteimg.com/tos-maliva-i-o3syd03w52-us/63a00d75990b4e70b595700c1b47524e~tplv-o3syd03w52-resize-jpeg:200:200.jpeg?from=1826719393"")","=image(""https://p16-oec-va.ibyteimg.com/tos-maliva-i-o3syd03w52-us/1c6c55545ae44fe687f6fb2dd412dcde~tplv-o3syd03w52-resize-jpeg:200:200.jpeg?from=1826719393"")","=image(""https://p16-oec-va.ibyteimg.com/tos-maliva-i-o3syd03w52-us/d4c053605c9f48eda2183a100d2f1b6f~tplv-o3syd03w52-resize-jpeg:200:200.jpeg?from=1826719393"")","=image(""https://p16-oec-va.ibyteimg.com/tos-maliva-i-o3syd03w52-us/2bab0b1be9924099a78fe1f470e6952e~tplv-o3syd03w52-resize-jpeg:200:200.jpeg?from=1826719393"")","=image(""https://p16-oec-va.ibyteimg.com/tos-maliva-i-o3syd03w52-us/a8b90fbe883f437ea1465d0884d77964~tplv-o3syd03w52-resize-jpeg:200:200.jpeg?from=1826719393"")",,399000.0,
1729632779864148094,Găng tay chống nắng co dãn 4 chiều,https://oec-api.tiktokv.com/view/product/1729632779864148094,Sp lẻ,,15000,24,"=image(""https://p16-oec-va.ibyteimg.com/tos-maliva-i-o3syd03w52-us/018233998d304f40b27d55a57f603064~tplv-o3syd03w52-resize-jpeg:200:200.jpeg?from=1826719393"")",,,,,,30000.0, 4
1729572927015651454,"Áo giữ nhiệt nam, lót nỉ Freesize 45 - 65kg",https://oec-api.tiktokv.com/view/product/1729572927015651454,Sp lẻ,,99000,161,"=image(""https://p16-oec-va.ibyteimg.com/tos-maliva-i-o3syd03w52-us/166b57923337448ba43fdb6fc50739fd~tplv-o3syd03w52-resize-jpeg:200:200.jpeg?from=1826719393"")","=image(""https://p16-oec-va.ibyteimg.com/tos-maliva-i-o3syd03w52-us/9bc09ded486144e1a940e35669a66894~tplv-o3syd03w52-resize-jpeg:200:200.jpeg?from=1826719393"")","=image(""https://p16-oec-va.ibyteimg.com/tos-maliva-i-o3syd03w52-us/9bb0dfd18f0648acbd6960e6ac912414~tplv-o3syd03w52-resize-jpeg:200:200.jpeg?from=1826719393"")",,,,, 45
1729611938822195326,"Bộ Thể Thao Cộc Tay Nam Nữ Unisex Chất Liệu COTTON 65/35 Thoáng Mát, Dày Dặn, Năng Động, Trẻ Trung- HAL Store BTT07",https://oec-api.tiktokv.com/view/product/1729611938822195326,Sp lẻ,,129000,85,"=image(""https://p16-oec-va.ibyteimg.com/tos-maliva-i-o3syd03w52-us/bff560dd5fba4a3fb3860e5d611e5231~tplv-o3syd03w52-resize-jpeg:200:200.jpeg?from=1826719393"")","=image(""https://p16-oec-va.ibyteimg.com/tos-maliva-i-o3syd03w52-us/857aa5b477084767bcb4de662566a05a~tplv-o3syd03w52-resize-jpeg:200:200.jpeg?from=1826719393"")","=image(""https://p16-oec-va.ibyteimg.com/tos-maliva-i-o3syd03w52-us/aabab698ac0e4e739bef2666fa7e2ef7~tplv-o3syd03w52-resize-jpeg:200:200.jpeg?from=1826719393"")","=image(""https://p16-oec-va.ibyteimg.com/tos-maliva-i-o3syd03w52-us/e32057af5aab4b7eb658d43332ad511b~tplv-o3syd03w52-resize-jpeg:200:200.jpeg?from=1826719393"")","=image(""https://p16-oec-va.ibyteimg.com/tos-maliva-i-o3syd03w52-us/b83b4419e69943c39030c550341b858e~tplv-o3syd03w52-resize-jpeg:200:200.jpeg?from=1826719393"")",,250000.0, 65
1729553090647197822,Quần thể thao nỉ tổ ong nam nữ mẫu mới nhất 2022,https://oec-api.tiktokv.com/view/product/1729553090647197822,Sp lẻ,,225000,16,"=image(""https://p16-oec-va.ibyteimg.com/tos-maliva-i-o3syd03w52-us/80ae82b725fa4beeb1e0f4eee287b620~tplv-o3syd03w52-resize-jpeg:200:200.jpeg?from=1826719393"")","=image(""https://p16-oec-va.ibyteimg.com/tos-maliva-i-o3syd03w52-us/8fdac4a6e94a4a3e8a802a244fbb6a85~tplv-o3syd03w52-resize-jpeg:200:200.jpeg?from=1826719393"")","=image(""https://p16-oec-va.ibyteimg.com/tos-maliva-i-o3syd03w52-us/0ef803e49f54409f892b65863c20c92e~tplv-o3syd03w52-resize-jpeg:200:200.jpeg?from=1826719393"")","=image(""https://p16-oec-va.ibyteimg.com/tos-maliva-i-o3syd03w52-us/d310f43da1144016a81eb4117415fa59~tplv-o3syd03w52-resize-jpeg:200:200.jpeg?from=1826719393"")",,,, 2022
1729611942748653694,"Quần Short Thể Thao Nam Nữ Unisex Chất Liệu Nỉ Da Cá, Cạp Chun,  Form Dáng Thể Thao, Năng Động, Cá Tính -HAL Store QDC04",https://oec-api.tiktokv.com/view/product/1729611942748653694,Sp lẻ,,89000,71,"=image(""https://p16-oec-va.ibyteimg.com/tos-maliva-i-o3syd03w52-us/da32f4a3420a42498b1d448e537467b4~tplv-o3syd03w52-resize-jpeg:200:200.jpeg?from=1826719393"")","=image(""https://p16-oec-va.ibyteimg.com/tos-maliva-i-o3syd03w52-us/9626ae958f504f529e79b47f4bc6ed8b~tplv-o3syd03w52-resize-jpeg:200:200.jpeg?from=1826719393"")","=image(""https://p16-oec-va.ibyteimg.com/tos-maliva-i-o3syd03w52-us/062c0bfa7e5548f2aac34feceb144066~tplv-o3syd03w52-resize-jpeg:200:200.jpeg?from=1826719393"")",,,,129000.0,
1729589398462892158,"Quần Short nam chất liệu thun cotton Tổ Ong, Quần đùi nam dày dặn cao cấp co dãn thấm hút mồ hôi cực tốt - QD01 HAL Store",https://oec-api.tiktokv.com/view/product/1729589398462892158,Sp lẻ,,54000,7632,"=image(""https://p16-oec-va.ibyteimg.com/tos-maliva-i-o3syd03w52-us/a82a73a0d85d46439ea115a83dd43e48~tplv-o3syd03w52-resize-jpeg:200:200.jpeg?from=1826719393"")","=image(""https://p16-oec-va.ibyteimg.com/tos-maliva-i-o3syd03w52-us/9f417484d37d4f74b3df977f8ed165ef~tplv-o3syd03w52-resize-jpeg:200:200.jpeg?from=1826719393"")","=image(""https://p16-oec-va.ibyteimg.com/tos-maliva-i-o3syd03w52-us/40cf28a25dae44a696e6237c760c404b~tplv-o3syd03w52-resize-jpeg:200:200.jpeg?from=1826719393"")","=image(""https://p16-oec-va.ibyteimg.com/tos-maliva-i-o3syd03w52-us/bf13769c5fa048288a01d4e7c673f9be~tplv-o3syd03w52-resize-jpeg:200:200.jpeg?from=1826719393"")","=image(""https://p16-oec-va.ibyteimg.com/tos-maliva-i-o3syd03w52-us/907e84f1686c4275bfc1a12c246560c5~tplv-o3syd03w52-resize-jpeg:200:200.jpeg?from=1826719393"")",,125000.0,
1729626845318580350,"Bộ Thể Thao Ba Lỗ Nam Nữ Unisex Chất liệu Cotton Tổ Ong Thoáng Khí, Năng Động- HAL Store BBLTO02",https://oec-api.tiktokv.com/view/product/1729626845318580350,Sp lẻ,,109000,359,"=image(""https://p16-oec-va.ibyteimg.com/tos-maliva-i-o3syd03w52-us/13a4d26e9011494c9f1eedb067f3b620~tplv-o3syd03w52-resize-jpeg:200:200.jpeg?from=1826719393"")","=image(""https://p16-oec-va.ibyteimg.com/tos-maliva-i-o3syd03w52-us/3178033e81c84c46b1b5f3f7bfa47080~tplv-o3syd03w52-resize-jpeg:200:200.jpeg?from=1826719393"")","=image(""https://p16-oec-va.ibyteimg.com/tos-maliva-i-o3syd03w52-us/f1c5887249c34e51b026f012a876a07e~tplv-o3syd03w52-resize-jpeg:200:200.jpeg?from=1826719393"")","=image(""https://p16-oec-va.ibyteimg.com/tos-maliva-i-o3syd03w52-us/feba97b6c5b14115abc409872775b24a~tplv-o3syd03w52-resize-jpeg:200:200.jpeg?from=1826719393"")","=image(""https://p16-oec-va.ibyteimg.com/tos-maliva-i-o3syd03w52-us/63582542b37e4d0094291e77f041bc33~tplv-o3syd03w52-resize-jpeg:200:200.jpeg?from=1826719393"")",,169000.0,
1729635227831994494,"COMBO 2, 3 Bộ Thể Thao Thun Lạnh Nam Chất Liệu Thun Lạnh, Co Dãn 4 chiều, Mặc Ở Nhà, Thể Dục, Tập Gym Thoải mái, Thoáng Mát - CBBTL02 HAL Store",https://oec-api.tiktokv.com/view/product/1729635227831994494,Sp lẻ,195000.0,290000,233,"=image(""https://p16-oec-va.ibyteimg.com/tos-maliva-i-o3syd03w52-us/9993c3c0e57447f99e2a08913fa9c043~tplv-o3syd03w52-resize-jpeg:200:200.jpeg?from=1826719393"")","=image(""https://p16-oec-va.ibyteimg.com/tos-maliva-i-o3syd03w52-us/a63fe04283ab49189ef4d8eeb1fd52ad~tplv-o3syd03w52-resize-jpeg:200:200.jpeg?from=1826719393"")","=image(""https://p16-oec-va.ibyteimg.com/tos-maliva-i-o3syd03w52-us/fcc52678e6814ccda4b6266fdec02ba0~tplv-o3syd03w52-resize-jpeg:200:200.jpeg?from=1826719393"")","=image(""https://p16-oec-va.ibyteimg.com/tos-maliva-i-o3syd03w52-us/700b7ec766d94efcbc70760f43781fa6~tplv-o3syd03w52-resize-jpeg:200:200.jpeg?from=1826719393"")","=image(""https://p16-oec-va.ibyteimg.com/tos-maliva-i-o3syd03w52-us/e3865e9dd2334fd2bd158a380d93f08c~tplv-o3syd03w52-resize-jpeg:200:200.jpeg?from=1826719393"")",,, 2
1729600999943145598,"Bộ Thể Thao Nam Nữ Chất Thun lạnh, Bộ Thể Thao Nam Nữ Mặc Ở Nhà, Tập Gym Thể Thao Co Dãn 4 Chiều - BTL01 HAL Store",https://oec-api.tiktokv.com/view/product/1729600999943145598,Sp lẻ,,85000,587,"=image(""https://p16-oec-va.ibyteimg.com/tos-maliva-i-o3syd03w52-us/552d934fd515447ba37833ab6eb5da70~tplv-o3syd03w52-resize-jpeg:200:200.jpeg?from=1826719393"")","=image(""https://p16-oec-va.ibyteimg.com/tos-maliva-i-o3syd03w52-us/ae28ed3944c74984ab1fce1105bb63aa~tplv-o3syd03w52-resize-jpeg:200:200.jpeg?from=1826719393"")","=image(""https://p16-oec-va.ibyteimg.com/tos-maliva-i-o3syd03w52-us/b387160288d643ad93e8c69d57d142ac~tplv-o3syd03w52-resize-jpeg:200:200.jpeg?from=1826719393"")","=image(""https://p16-oec-va.ibyteimg.com/tos-maliva-i-o3syd03w52-us/91f39be676c04c8cac816a3c178f5b36~tplv-o3syd03w52-resize-jpeg:200:200.jpeg?from=1826719393"")","=image(""https://p16-oec-va.ibyteimg.com/tos-maliva-i-o3syd03w52-us/01fca9702c574db0b7b2c319fe1962cc~tplv-o3syd03w52-resize-jpeg:200:200.jpeg?from=1826719393"")",,129000.0, 4
1729611949176948862,"Quần Short Jean Nam Nữ Unisex Cạp chun, Co đãn, Chất Jean Mềm Mại Cao Cấp, Đường May Chắc Chắn, Tỷ Mỷ - HAL Store QJ05",https://oec-api.tiktokv.com/view/product/1729611949176948862,Sp lẻ,,139000,81,"=image(""https://p16-oec-va.ibyteimg.com/tos-maliva-i-o3syd03w52-us/30bc8612336e4268808d0a617a992bb6~tplv-o3syd03w52-resize-jpeg:200:200.jpeg?from=1826719393"")","=image(""https://p16-oec-va.ibyteimg.com/tos-maliva-i-o3syd03w52-us/39fdb722f33d445f81a37e51a284dadd~tplv-o3syd03w52-resize-jpeg:200:200.jpeg?from=1826719393"")",,,,,190000.0,
1729595425226852478,Áo Thun Nam Layer Thời Trang Chất Liệu Tổ Ong Thoáng Mát Thoải Mái - AP02,https://oec-api.tiktokv.com/view/product/1729595425226852478,Sp lẻ,,79000,364,"=image(""https://p16-oec-va.ibyteimg.com/tos-maliva-i-o3syd03w52-us/6d8875127ce542438948523a77bc4654~tplv-o3syd03w52-resize-jpeg:200:200.jpeg?from=1826719393"")","=image(""https://p16-oec-va.ibyteimg.com/tos-maliva-i-o3syd03w52-us/04da6bc42f4446f0b7fd7a9663687b68~tplv-o3syd03w52-resize-jpeg:200:200.jpeg?from=1826719393"")","=image(""https://p16-oec-va.ibyteimg.com/tos-maliva-i-o3syd03w52-us/1c0c4893fce343ebb2ef0e6157b0cc70~tplv-o3syd03w52-resize-jpeg:200:200.jpeg?from=1826719393"")","=image(""https://p16-oec-va.ibyteimg.com/tos-maliva-i-o3syd03w52-us/3ba1cefa274d492d8006e1b2368979ec~tplv-o3syd03w52-resize-jpeg:200:200.jpeg?from=1826719393"")","=image(""https://p16-oec-va.ibyteimg.com/tos-maliva-i-o3syd03w52-us/0e144ada53664e7ba441049964d05bc8~tplv-o3syd03w52-resize-jpeg:200:200.jpeg?from=1826719393"")",,199000.0,
1729592986675873918,"Áo Thun cộc tay Nam Nữ UNISEX trơn Cổ Tròn, phông Tay Ngắn, Chất Thun COTTON bề mặt vải mềm HAL Store - AP01",https://oec-api.tiktokv.com/view/product/1729592986675873918,Sp lẻ,,89000,12663,"=image(""https://p16-oec-va.ibyteimg.com/tos-maliva-i-o3syd03w52-us/d718008e388c466db1a9114e5a2e48de~tplv-o3syd03w52-resize-jpeg:200:200.jpeg?from=1826719393"")","=image(""https://p16-oec-va.ibyteimg.com/tos-maliva-i-o3syd03w52-us/a90d3beaf3204706b8a579a1f707fcb5~tplv-o3syd03w52-resize-jpeg:200:200.jpeg?from=1826719393"")","=image(""https://p16-oec-va.ibyteimg.com/tos-maliva-i-o3syd03w52-us/fdf33bfbcfe543ac99a242f7db7cc3e4~tplv-o3syd03w52-resize-jpeg:200:200.jpeg?from=1826719393"")","=image(""https://p16-oec-va.ibyteimg.com/tos-maliva-i-o3syd03w52-us/5e420a54c96f4f3d8877b965075ad648~tplv-o3syd03w52-resize-jpeg:200:200.jpeg?from=1826719393"")","=image(""https://p16-oec-va.ibyteimg.com/tos-maliva-i-o3syd03w52-us/714120c7f5c1454a81744c0876419128~tplv-o3syd03w52-resize-jpeg:200:200.jpeg?from=1826719393"")",,150000.0,
1729556889180211326,"Áo khoác gió lót lông cao cấp Hidoli,chất gió tráng bạc chống nước cản gió,kết hợp lót lông dày dặn ấm áp",https://oec-api.tiktokv.com/view/product/1729556889180211326,Sp lẻ,,190000,1738,"=image(""https://p16-oec-va.ibyteimg.com/tos-maliva-i-o3syd03w52-us/367345c054294d4c8c7dfaece743170a~tplv-o3syd03w52-resize-jpeg:200:200.jpeg?from=1826719393"")","=image(""https://p16-oec-va.ibyteimg.com/tos-maliva-i-o3syd03w52-us/60ee565a619e484eb001cdf250d58e6d~tplv-o3syd03w52-resize-jpeg:200:200.jpeg?from=1826719393"")","=image(""https://p16-oec-va.ibyteimg.com/tos-maliva-i-o3syd03w52-us/77910121106249faab100214a21d0bf5~tplv-o3syd03w52-resize-jpeg:200:200.jpeg?from=1826719393"")","=image(""https://p16-oec-va.ibyteimg.com/tos-maliva-i-o3syd03w52-us/8472ced65cf2445792309aa20a96fe53~tplv-o3syd03w52-resize-jpeg:200:200.jpeg?from=1826719393"")","=image(""https://p16-oec-va.ibyteimg.com/tos-maliva-i-o3syd03w52-us/7e81e7d8f0c34c799ed36ceee95f311b~tplv-o3syd03w52-resize-jpeg:200:200.jpeg?from=1826719393"")",,290000.0,
1729706010333710462,"Bộ Quần Áo Nam Mùa Hè Mặc Cực Mát, Chất Đũi Thái Thoáng Mát, Thấm Hút Mồ Hôi",https://oec-api.tiktokv.com/view/product/1729706010333710462,Sp lẻ,,109000,6,"=image(""https://p16-oec-va.ibyteimg.com/tos-maliva-i-o3syd03w52-us/5f81336ebf1c4bc5be565eb303aaad3f~tplv-o3syd03w52-resize-jpeg:200:200.jpeg?from=1826719393"")","=image(""https://p19-oec-va.ibyteimg.com/tos-maliva-i-o3syd03w52-us/4596501d12694e8d9f5abd8c885114eb~tplv-o3syd03w52-resize-jpeg:200:200.jpeg?from=1826719393"")","=image(""https://p16-oec-va.ibyteimg.com/tos-maliva-i-o3syd03w52-us/e9a943a630e14734b80047cc09de71c0~tplv-o3syd03w52-resize-jpeg:200:200.jpeg?from=1826719393"")","=image(""https://p16-oec-va.ibyteimg.com/tos-maliva-i-o3syd03w52-us/63160af7453d42289a530399254c3853~tplv-o3syd03w52-resize-jpeg:200:200.jpeg?from=1826719393"")","=image(""https://p16-oec-va.ibyteimg.com/tos-maliva-i-o3syd03w52-us/351d57869b0049adadd483951192390b~tplv-o3syd03w52-resize-jpeg:200:200.jpeg?from=1826719393"")",,189000.0,
1729611935098964094,"Bộ Sơ Mi Đũi Gân Nam Nữ, Chất Liệu Đũi Sọc Gân Dọc, Kiểu Dáng trẻ Trung, Năng Động, Thoải Mái - HAL Store BĐG02",https://oec-api.tiktokv.com/view/product/1729611935098964094,Sp lẻ,,139000,204,"=image(""https://p16-oec-va.ibyteimg.com/tos-maliva-i-o3syd03w52-us/9263e1896e104b34acdd11053eb89da2~tplv-o3syd03w52-resize-jpeg:200:200.jpeg?from=1826719393"")","=image(""https://p16-oec-va.ibyteimg.com/tos-maliva-i-o3syd03w52-us/8ab892a1b4334f05b16792b7c9c6a821~tplv-o3syd03w52-resize-jpeg:200:200.jpeg?from=1826719393"")","=image(""https://p16-oec-va.ibyteimg.com/tos-maliva-i-o3syd03w52-us/91a776b5cee14a69acbe9283ba39f24a~tplv-o3syd03w52-resize-jpeg:200:200.jpeg?from=1826719393"")","=image(""https://p16-oec-va.ibyteimg.com/tos-maliva-i-o3syd03w52-us/21e84688a3994c37a2fb6789fdc45538~tplv-o3syd03w52-resize-jpeg:200:200.jpeg?from=1826719393"")",,,250000.0,
1729592997237524606,"Áo Polo Nam Nữ  HAL Store phối viền Có Cổ Ngắn Tay, Chất liệu Cotton CVC Thoáng Mát Thấm Hút Mồ Hôi cực tốt - PL04",https://oec-api.tiktokv.com/view/product/1729592997237524606,Sp lẻ,,89000,36,"=image(""https://p16-oec-va.ibyteimg.com/tos-maliva-i-o3syd03w52-us/92ad49ab27274595a275f78c474fc33d~tplv-o3syd03w52-resize-jpeg:200:200.jpeg?from=1826719393"")","=image(""https://p16-oec-va.ibyteimg.com/tos-maliva-i-o3syd03w52-us/63ada47533ff4e3099fcb0af404d3d86~tplv-o3syd03w52-resize-jpeg:200:200.jpeg?from=1826719393"")",,,,,199000.0,
1729600030488103038,"Bộ Thể Thao Nam Cổ Bẻ Áo Polo, Quần thun Cộc Tay Chất Cotton CVC Co Giãn 4 Chiều Sang Trọng, Khỏe Mạnh - BCB02",https://oec-api.tiktokv.com/view/product/1729600030488103038,Sp lẻ,,139000,549,"=image(""https://p16-oec-va.ibyteimg.com/tos-maliva-i-o3syd03w52-us/2f61dcade17644b284bc6ca7d7fe2921~tplv-o3syd03w52-resize-jpeg:200:200.jpeg?from=1826719393"")","=image(""https://p16-oec-va.ibyteimg.com/tos-maliva-i-o3syd03w52-us/4ecb193dac6a4260a75142cf6a0b15bf~tplv-o3syd03w52-resize-jpeg:200:200.jpeg?from=1826719393"")","=image(""https://p16-oec-va.ibyteimg.com/tos-maliva-i-o3syd03w52-us/39e20f4f300d4cc1850a62d0da5a7eec~tplv-o3syd03w52-resize-jpeg:200:200.jpeg?from=1826719393"")","=image(""https://p16-oec-va.ibyteimg.com/tos-maliva-i-o3syd03w52-us/785832450c7b499294c87f5dba6cecdc~tplv-o3syd03w52-resize-jpeg:200:200.jpeg?from=1826719393"")",,,250000.0, 4
1729615128106993790,ÁO PHÔNG TRƠN  BASIC OVERSIZE HAL STORE. COTTON 100% 250GSM CAO CẤP - APT03,https://oec-api.tiktokv.com/view/product/1729615128106993790,Sp lẻ,,150000,376,"=image(""https://p16-oec-va.ibyteimg.com/tos-maliva-i-o3syd03w52-us/a73f49c8e20446a9b52bed1224cb85c0~tplv-o3syd03w52-resize-jpeg:200:200.jpeg?from=1826719393"")","=image(""https://p16-oec-va.ibyteimg.com/tos-maliva-i-o3syd03w52-us/c6add3efe9e742fb8365f589b78a9b17~tplv-o3syd03w52-resize-jpeg:200:200.jpeg?from=1826719393"")","=image(""https://p16-oec-va.ibyteimg.com/tos-maliva-i-o3syd03w52-us/f946c6f29b6347c09c32dec7e466303f~tplv-o3syd03w52-resize-jpeg:200:200.jpeg?from=1826719393"")","=image(""https://p16-oec-va.ibyteimg.com/tos-maliva-i-o3syd03w52-us/ec68ec4b9f1541209fcf485898fe47df~tplv-o3syd03w52-resize-jpeg:200:200.jpeg?from=1826719393"")","=image(""https://p16-oec-va.ibyteimg.com/tos-maliva-i-o3syd03w52-us/83cdfd6d88134a59a8fec9118284f586~tplv-o3syd03w52-resize-jpeg:200:200.jpeg?from=1826719393"")",,290000.0, 100
1729592996380903550,"Áo Polo Nam Nữ  HAL Store Có Cổ Ngắn Tay, Chất liệu Cotton CVC Thoáng Mát Thấm Hút Mồ Hôi cực tốt - PL03",https://oec-api.tiktokv.com/view/product/1729592996380903550,Sp lẻ,,85000,69,"=image(""https://p16-oec-va.ibyteimg.com/tos-maliva-i-o3syd03w52-us/e0fa7efd25d34db38bcdc9b392db9154~tplv-o3syd03w52-resize-jpeg:200:200.jpeg?from=1826719393"")","=image(""https://p16-oec-va.ibyteimg.com/tos-maliva-i-o3syd03w52-us/9caeae35d60b42429984dc82d04b6c43~tplv-o3syd03w52-resize-jpeg:200:200.jpeg?from=1826719393"")","=image(""https://p16-oec-va.ibyteimg.com/tos-maliva-i-o3syd03w52-us/829ace72c2b343a685588604d8d661bc~tplv-o3syd03w52-resize-jpeg:200:200.jpeg?from=1826719393"")","=image(""https://p16-oec-va.ibyteimg.com/tos-maliva-i-o3syd03w52-us/14c3cbdb03f64d179d879fd379a1b64e~tplv-o3syd03w52-resize-jpeg:200:200.jpeg?from=1826719393"")","=image(""https://p16-oec-va.ibyteimg.com/tos-maliva-i-o3syd03w52-us/0ae7dc2a89b54f0d9a2bfacfb0587eee~tplv-o3syd03w52-resize-jpeg:200:200.jpeg?from=1826719393"")",,199000.0,
